--  <아름데이터>  추천카페(5월데이터)  :  BOARD[게시판]  +  Vote[추천리스트]  + REPLY [댓글 테이블]
--   게시글 -- 5월데이터 : 635번 ~ 684번    -----------------------------------------------------------------------------------------------------------------


-- [BOARD] -------------------------------------------------------------------------------------------------------------------------------------
INSERT INTO coffeemukka.board
(board_no, board_no2, key_sort_no, user_no, zone_no, theme_no, cafe_no, writing_lock_condition, writing_title, registration_date, update_date, view_number, vote_number, board_del_cdt, writing_content, address, reply_cnt)
VALUES(635, 2, NULL, 1, 6, 1, NULL, NULL, '쌍피', '2020-05-01 19:38:49.0', '2020-05-28 19:38:49.0', 12, 15, 1, '분위기도 있고, 새로 오픈한곳이라 너무 색다르고
마치 카페같지 않고 술집같은 그런 분위기~
데이트 잘 하고 왔습니다 ^^', '대구 북구 침산로 162-9', 3);
INSERT INTO coffeemukka.board
(board_no, board_no2, key_sort_no, user_no, zone_no, theme_no, cafe_no, writing_lock_condition, writing_title, registration_date, update_date, view_number, vote_number, board_del_cdt, writing_content, address, reply_cnt)
VALUES(636, 2, NULL, 209, 1, 6, NULL, NULL, '시즈더데이', '2020-05-02 19:41:08.0', '2020-05-28 19:41:08.0', 11, 0, 1, '넓고~ 스터디 하기 좋았어요~
더군다나 여기는 보드게임도 할수 있어서^^
스터디 하다가 중간에 보드게임해버리다가 왔네요~
즐거웠습니다!', '대구 중구 중앙대로 412-26', 0);
INSERT INTO coffeemukka.board
(board_no, board_no2, key_sort_no, user_no, zone_no, theme_no, cafe_no, writing_lock_condition, writing_title, registration_date, update_date, view_number, vote_number, board_del_cdt, writing_content, address, reply_cnt)
VALUES(637, 2, NULL, 209, 7, 4, NULL, NULL, '호롱커피', '2020-05-03 19:45:07.0', '2020-05-28 19:45:07.0', 5000, 0, 1, '천의자가 많아선가 가게에서 빈티지샵 향 냄새가 나요 ㅋㅋ
 아몬드크림라떼 고소하고 괜찮았어요. 마침 저녁 때 돼서 그런가 손님들 다 가시고 저 혼자라 서비스로 블루베리 크럼블 받았는데 맛있었어요~ 
맛이 엄청 뛰어나진 않은데 분위기와 있으면서 기분이 좋아서 좋은 인상으로 남았어요 ㅎㅎㅎ 
2명이 와서 소파 자리 앉아보고 싶네요.', '대구 중구 관덕정길 13-13', 0);
INSERT INTO coffeemukka.board
(board_no, board_no2, key_sort_no, user_no, zone_no, theme_no, cafe_no, writing_lock_condition, writing_title, registration_date, update_date, view_number, vote_number, board_del_cdt, writing_content, address, reply_cnt)
VALUES(638, 2, NULL, 211, 9, 5, NULL, NULL, '몽펍피', '2020-05-04 19:46:48.0', '2020-05-28 19:46:48.0', 1, 16, 1, '전 개인적으로 여기 커피가 맛있어요!', '대구 남구 명덕로18길 127', 0);
INSERT INTO coffeemukka.board
(board_no, board_no2, key_sort_no, user_no, zone_no, theme_no, cafe_no, writing_lock_condition, writing_title, registration_date, update_date, view_number, vote_number, board_del_cdt, writing_content, address, reply_cnt)
VALUES(639, 2, NULL, 1, 3, 4, NULL, NULL, '베리앙쥬', '2020-05-05 19:48:10.0', '2020-05-28 19:48:10.0', 0, 0, 1, '여긴 진짜 큐브라떼랑
딸기음료 마카롱 정말 최고인거 같아요~
달달한거 땡기면 무조건 여기인거 같습니다!', '대구 달서구 성당로 3', 0);
INSERT INTO coffeemukka.board
(board_no, board_no2, key_sort_no, user_no, zone_no, theme_no, cafe_no, writing_lock_condition, writing_title, registration_date, update_date, view_number, vote_number, board_del_cdt, writing_content, address, reply_cnt)
VALUES(640, 2, NULL, 1, 5, 5, NULL, NULL, '푸댕', '2020-05-06 19:49:19.0', '2020-05-28 19:49:19.0', 1, 0, 1, '애견 동반 카페!!!', '대구 수성구 지범로 11', 0);
INSERT INTO coffeemukka.board
(board_no, board_no2, key_sort_no, user_no, zone_no, theme_no, cafe_no, writing_lock_condition, writing_title, registration_date, update_date, view_number, vote_number, board_del_cdt, writing_content, address, reply_cnt)
VALUES(641, 2, NULL, 212, 7, 5, NULL, NULL, '바이반스', '2020-05-07 19:51:17.0', '2020-05-28 19:51:17.0', 1, 0, 1, '애견동반 카페다 보니 

애견인들은 사랑하는 반려견 데리고 

어서 방문해보세요! 

​

맛있는 커피도 마시면서 

사진찍기도 예뻐서 추천드립니다 : )', '대구 중구 동덕로36길 116-2', 0);
INSERT INTO coffeemukka.board
(board_no, board_no2, key_sort_no, user_no, zone_no, theme_no, cafe_no, writing_lock_condition, writing_title, registration_date, update_date, view_number, vote_number, board_del_cdt, writing_content, address, reply_cnt)
VALUES(642, 2, NULL, 215, 8, 5, NULL, NULL, '퍼피80', '2020-05-08 19:52:51.0', '2020-05-28 19:52:51.0', 4800, 0, 1, '가끔은 날씨 좋은 날 혼자만 힙한 카페 가지 마시고~ 

강아지와 함께 마음껏 뛰어 놀 수 있는 반려견 카페를 가보시는 것도 좋을 듯 하네요~', '대구 동구 서촌로7길 7-3', 2);
INSERT INTO coffeemukka.board
(board_no, board_no2, key_sort_no, user_no, zone_no, theme_no, cafe_no, writing_lock_condition, writing_title, registration_date, update_date, view_number, vote_number, board_del_cdt, writing_content, address, reply_cnt)
VALUES(643, 2, NULL, 209, 10, 2, NULL, NULL, '161커피스튜디오', '2020-05-09 19:55:04.0', '2020-05-28 19:55:04.0', 1, 14, 1, '불빛들이 많아서 감성사진을 찍기 좋았다. 색감도 빈티지해서 불빛의 주황과 아련하게 어울림.', '대구 달성군 현풍읍 비슬로 581', 0);
INSERT INTO coffeemukka.board
(board_no, board_no2, key_sort_no, user_no, zone_no, theme_no, cafe_no, writing_lock_condition, writing_title, registration_date, update_date, view_number, vote_number, board_del_cdt, writing_content, address, reply_cnt)
VALUES(644, 2, NULL, 214, 1, 4, NULL, NULL, '노스폴', '2020-05-10 19:56:06.0', '2020-05-28 19:56:06.0', 0, 0, 1, '친구랑 갔는데 여기 진짜 디저트 짱입니다!', '대구 중구 중앙대로 392', 0);
INSERT INTO coffeemukka.board
(board_no, board_no2, key_sort_no, user_no, zone_no, theme_no, cafe_no, writing_lock_condition, writing_title, registration_date, update_date, view_number, vote_number, board_del_cdt, writing_content, address, reply_cnt)
VALUES(645, 2, NULL, 216, 6, 6, NULL, NULL, '프리지아', '2020-05-11 19:57:01.0', '2020-05-28 19:57:01.0', 1, 0, 1, '공부하기 정말 좋은곳이에요! 학원 근처인데 열공하다 왔습니다~', '대구 서구 서대구로7길 12', 0);
INSERT INTO coffeemukka.board
(board_no, board_no2, key_sort_no, user_no, zone_no, theme_no, cafe_no, writing_lock_condition, writing_title, registration_date, update_date, view_number, vote_number, board_del_cdt, writing_content, address, reply_cnt)
VALUES(646, 2, NULL, 217, 9, 4, NULL, NULL, '넘버더스타즈', '2020-05-12 19:57:55.0', '2020-05-28 19:57:55.0', 1, 0, 1, '상큼한 에이드 잘하는곳!', '대구 남구 현충로 54', 0);
INSERT INTO coffeemukka.board
(board_no, board_no2, key_sort_no, user_no, zone_no, theme_no, cafe_no, writing_lock_condition, writing_title, registration_date, update_date, view_number, vote_number, board_del_cdt, writing_content, address, reply_cnt)
VALUES(647, 2, NULL, 218, 5, 1, NULL, NULL, '스완네', '2020-05-13 19:59:40.0', '2020-05-28 19:59:40.0', 0, 0, 1, '13년지기와 데이트!
임신한 친구는 커피를 피해 루이보스타를 주문 했는데~
플레이팅이 완전 찻집갬성돋는 비쥬얼~', '대구 수성구 동대구로80길 73', 0);
INSERT INTO coffeemukka.board
(board_no, board_no2, key_sort_no, user_no, zone_no, theme_no, cafe_no, writing_lock_condition, writing_title, registration_date, update_date, view_number, vote_number, board_del_cdt, writing_content, address, reply_cnt)
VALUES(648, 2, NULL, 217, 2, 1, NULL, NULL, '커피아름', '2020-05-14 20:03:47.0', '2020-05-28 20:03:47.0', 2, 0, 1, '남자친구랑 다녀왔어요~
분위기 좋고 커피도 맜있네요^^', '대구 수성구 무학로21안길 96', 0);
INSERT INTO coffeemukka.board
(board_no, board_no2, key_sort_no, user_no, zone_no, theme_no, cafe_no, writing_lock_condition, writing_title, registration_date, update_date, view_number, vote_number, board_del_cdt, writing_content, address, reply_cnt)
VALUES(649, 2, NULL, 1, 6, 2, NULL, NULL, '카페디치엘로', '2020-05-15 20:05:09.0', '2020-05-28 20:05:09.0', 2, 17, 1, '북구에서 즐기는 한옥뷰감성!', '대구 북구 유통단지로8길 46', 16);
INSERT INTO coffeemukka.board
(board_no, board_no2, key_sort_no, user_no, zone_no, theme_no, cafe_no, writing_lock_condition, writing_title, registration_date, update_date, view_number, vote_number, board_del_cdt, writing_content, address, reply_cnt)
VALUES(650, 2, NULL, 209, 10, 1, NULL, NULL, '스위치온', '2020-05-16 20:06:14.0', '2020-05-28 20:06:14.0', 4501, 0, 1, '웨딩장소로도 주로 이용되는 카페인데~ 정말 영화속 장소같아요!', '대구 달성군 가창면 헐티로11길 35', 1);
INSERT INTO coffeemukka.board
(board_no, board_no2, key_sort_no, user_no, zone_no, theme_no, cafe_no, writing_lock_condition, writing_title, registration_date, update_date, view_number, vote_number, board_del_cdt, writing_content, address, reply_cnt)
VALUES(651, 2, NULL, 214, 7, 3, NULL, NULL, '미도다방', '2020-05-17 20:07:09.0', '2020-05-28 20:07:09.0', 1, 0, 1, '정말 고전적 옛스러움 물씬!', '대구 중구 진골목길 14', 0);
INSERT INTO coffeemukka.board
(board_no, board_no2, key_sort_no, user_no, zone_no, theme_no, cafe_no, writing_lock_condition, writing_title, registration_date, update_date, view_number, vote_number, board_del_cdt, writing_content, address, reply_cnt)
VALUES(652, 2, NULL, 217, 2, 6, NULL, NULL, '커피아름', '2020-05-18 20:08:38.0', '2020-05-28 20:08:38.0', 70, 0, 1, '밀린 자바공부하고 왔어요~
공부도 술술 잘되네요 좋았습니다!!! 허허허', '대구 수성구 무학로21안길 96', 0);
INSERT INTO coffeemukka.board
(board_no, board_no2, key_sort_no, user_no, zone_no, theme_no, cafe_no, writing_lock_condition, writing_title, registration_date, update_date, view_number, vote_number, board_del_cdt, writing_content, address, reply_cnt)
VALUES(653, 2, NULL, 211, 4, 4, NULL, NULL, '베리베리', '2020-05-19 20:09:34.0', '2020-05-28 20:09:34.0', 0, 0, 1, '달달하고 고소해요!', '대구 달서구 달구벌대로309길 8', 0);
INSERT INTO coffeemukka.board
(board_no, board_no2, key_sort_no, user_no, zone_no, theme_no, cafe_no, writing_lock_condition, writing_title, registration_date, update_date, view_number, vote_number, board_del_cdt, writing_content, address, reply_cnt)
VALUES(654, 2, NULL, 212, 9, 2, NULL, NULL, '넘버더스타즈', '2020-05-20 20:10:27.0', '2020-05-28 20:10:27.0', 3, 19, 1, '뷰 너무 좋아요~ 완전 꿀잠 자고 왔습니다!!!', '대구 남구 현충로 54', 7);
INSERT INTO coffeemukka.board
(board_no, board_no2, key_sort_no, user_no, zone_no, theme_no, cafe_no, writing_lock_condition, writing_title, registration_date, update_date, view_number, vote_number, board_del_cdt, writing_content, address, reply_cnt)
VALUES(655, 2, NULL, 213, 3, 4, NULL, NULL, '베리앙쥬', '2020-05-21 20:11:34.0', '2020-05-28 20:11:34.0', 4300, 0, 1, '당충전 완전 지대로!', '대구 달서구 성당로 3', 1);
INSERT INTO coffeemukka.board
(board_no, board_no2, key_sort_no, user_no, zone_no, theme_no, cafe_no, writing_lock_condition, writing_title, registration_date, update_date, view_number, vote_number, board_del_cdt, writing_content, address, reply_cnt)
VALUES(656, 2, NULL, 214, 6, 4, NULL, NULL, '프리지아', '2020-05-22 20:12:25.0', '2020-05-28 20:12:25.0', 3, 11, 1, '사장님이 직접 마들렌 구우십니다! 맛있어요!!!', '대구 서구 서대구로7길 12', 0);
INSERT INTO coffeemukka.board
(board_no, board_no2, key_sort_no, user_no, zone_no, theme_no, cafe_no, writing_lock_condition, writing_title, registration_date, update_date, view_number, vote_number, board_del_cdt, writing_content, address, reply_cnt)
VALUES(657, 2, NULL, 1, 10, 6, NULL, NULL, '아이니드커피', '2020-05-23 20:13:17.0', '2020-05-28 20:13:17.0', 0, 0, 1, '간만에 열공하다 왔네요~ 복층이라서 좋고 너무 편해요! 작지만 실속있는 카페!!!', '대구 달성군 다사읍 달구벌대로 878', 6);
INSERT INTO coffeemukka.board
(board_no, board_no2, key_sort_no, user_no, zone_no, theme_no, cafe_no, writing_lock_condition, writing_title, registration_date, update_date, view_number, vote_number, board_del_cdt, writing_content, address, reply_cnt)
VALUES(658, 2, NULL, 209, 1, 4, NULL, NULL, '마주봄', '2020-05-24 20:14:11.0', '2020-05-28 20:14:11.0', 0, 0, 1, '좋았어요~
커피 종류가 좀더 많았으면 좋겠네요!', '대구 중구 중앙대로 434-8', 0);
INSERT INTO coffeemukka.board
(board_no, board_no2, key_sort_no, user_no, zone_no, theme_no, cafe_no, writing_lock_condition, writing_title, registration_date, update_date, view_number, vote_number, board_del_cdt, writing_content, address, reply_cnt)
VALUES(659, 2, NULL, 214, 11, 2, NULL, NULL, '초이스엠', '2020-05-25 20:15:40.0', '2020-05-28 20:15:40.0', 4000, 0, 1, '가족여행 하고 왔어요~ 즐거웠습니다', '대구 동구 팔공산로 260', 0);
INSERT INTO coffeemukka.board
(board_no, board_no2, key_sort_no, user_no, zone_no, theme_no, cafe_no, writing_lock_condition, writing_title, registration_date, update_date, view_number, vote_number, board_del_cdt, writing_content, address, reply_cnt)
VALUES(660, 2, NULL, 211, 1, 4, NULL, NULL, '노스폴', '2020-05-26 20:16:28.0', '2020-05-28 20:16:28.0', 4, 0, 1, '진짜 꾸덕꾸덕하니 촉촉하고 맛있어요!', '대구 중구 중앙대로 392', 0);
INSERT INTO coffeemukka.board
(board_no, board_no2, key_sort_no, user_no, zone_no, theme_no, cafe_no, writing_lock_condition, writing_title, registration_date, update_date, view_number, vote_number, board_del_cdt, writing_content, address, reply_cnt)
VALUES(661, 2, NULL, 215, 6, 3, NULL, NULL, '프리지아', '2020-05-27 20:17:59.0', '2020-05-28 20:17:59.0', 0, 0, 1, '조용하고 분위기전환 삼아 가볍게 다녀오기 좋아요!', '대구 서구 서대구로7길 12', 5);
INSERT INTO coffeemukka.board
(board_no, board_no2, key_sort_no, user_no, zone_no, theme_no, cafe_no, writing_lock_condition, writing_title, registration_date, update_date, view_number, vote_number, board_del_cdt, writing_content, address, reply_cnt)
VALUES(662, 2, NULL, 216, 2, 1, NULL, NULL, '벨리시모앤틱카페', '2020-05-28 20:20:00.0', '2020-05-28 20:20:00.0', 800, 0, 1, '앤틱이란 앤틱을 느끼고자 한다면 바로 여긴거 같네요~', '대구 수성구 무학로 37', 0);
INSERT INTO coffeemukka.board
(board_no, board_no2, key_sort_no, user_no, zone_no, theme_no, cafe_no, writing_lock_condition, writing_title, registration_date, update_date, view_number, vote_number, board_del_cdt, writing_content, address, reply_cnt)
VALUES(663, 2, NULL, 217, 9, 2, NULL, NULL, '넘버더스타즈', '2020-05-28 20:21:02.0', '2020-05-28 20:21:02.0', 0, 0, 1, '노을뷰는 정말 여긴거 같아요!', '대구 남구 현충로 54', 0);
INSERT INTO coffeemukka.board
(board_no, board_no2, key_sort_no, user_no, zone_no, theme_no, cafe_no, writing_lock_condition, writing_title, registration_date, update_date, view_number, vote_number, board_del_cdt, writing_content, address, reply_cnt)
VALUES(664, 2, NULL, 217, 7, 1, NULL, NULL, '미도다방', '2020-05-28 20:22:05.0', '2020-05-28 20:22:05.0', 1, 0, 1, '쌍화차~ 이런거 처음먹어보는데 정말 최고에요 색다르고^^', '대구 중구 진골목길 14', 0);
INSERT INTO coffeemukka.board
(board_no, board_no2, key_sort_no, user_no, zone_no, theme_no, cafe_no, writing_lock_condition, writing_title, registration_date, update_date, view_number, vote_number, board_del_cdt, writing_content, address, reply_cnt)
VALUES(665, 2, NULL, 216, 7, 1, NULL, NULL, '호롱커피', '2020-05-29 20:23:09.0', '2020-05-28 20:23:09.0', 0, 12, 1, '현대백화점 건너편 골목들 사이에 숨어 있어 찾기 힘들었지만 
근처에 가면 커피향이 난다. 
비 오는 날 저녁에 갔는데 조명이며, 분위기가 너무 좋았다.
 약간 반지하인데 그게 또 호롱커피의 매력인 듯. 
조명을 참 잘 쓰는 카페이므로 낮보다는 저녁 방문을 권한다. 
커피는 그럭저럭 마실 만한 정도.', '대구 중구 관덕정길 13-13', 0);
INSERT INTO coffeemukka.board
(board_no, board_no2, key_sort_no, user_no, zone_no, theme_no, cafe_no, writing_lock_condition, writing_title, registration_date, update_date, view_number, vote_number, board_del_cdt, writing_content, address, reply_cnt)
VALUES(666, 2, NULL, 218, 7, 3, NULL, NULL, '쎄라비음악다방', '2020-05-28 20:24:37.0', '2020-05-28 20:24:37.0', 3800, 0, 1, '드라마 사랑비 촬영장소~
아메리카노 테이크 아웃시 2500원이래요^^', '대구 중구 국채보상로102길 60', 0);
INSERT INTO coffeemukka.board
(board_no, board_no2, key_sort_no, user_no, zone_no, theme_no, cafe_no, writing_lock_condition, writing_title, registration_date, update_date, view_number, vote_number, board_del_cdt, writing_content, address, reply_cnt)
VALUES(667, 2, NULL, 211, 4, 4, NULL, NULL, '베리베리', '2020-05-28 20:25:56.0', '2020-05-28 20:25:56.0', 0, 10, 1, '달달하니 좋아요~', '대구 달서구 달구벌대로309길 8', 0);
INSERT INTO coffeemukka.board
(board_no, board_no2, key_sort_no, user_no, zone_no, theme_no, cafe_no, writing_lock_condition, writing_title, registration_date, update_date, view_number, vote_number, board_del_cdt, writing_content, address, reply_cnt)
VALUES(668, 2, NULL, 212, 10, 3, NULL, NULL, '아이니드커피', '2020-05-28 20:26:51.0', '2020-05-28 20:26:51.0', 3200, 0, 1, '허겁지겁 먹는다고 사진을 못찍었네요~
간단히 다녀와볼만한 동네카페~', '대구 달성군 다사읍 달구벌대로 878', 0);
INSERT INTO coffeemukka.board
(board_no, board_no2, key_sort_no, user_no, zone_no, theme_no, cafe_no, writing_lock_condition, writing_title, registration_date, update_date, view_number, vote_number, board_del_cdt, writing_content, address, reply_cnt)
VALUES(669, 2, NULL, 209, 3, 4, NULL, NULL, '베리앙쥬', '2020-05-28 20:28:08.0', '2020-05-28 20:28:08.0', 0, 0, 1, '회사 근처에서 언니들하고 맛있게 먹었어요~
여기는 정말 디저트가 진리인듯
스벅 갈필요가 없습니다!', '대구 달서구 성당로 3', 0);
INSERT INTO coffeemukka.board
(board_no, board_no2, key_sort_no, user_no, zone_no, theme_no, cafe_no, writing_lock_condition, writing_title, registration_date, update_date, view_number, vote_number, board_del_cdt, writing_content, address, reply_cnt)
VALUES(670, 2, NULL, 1, 10, 1, NULL, NULL, '아이니드커피', '2020-05-28 20:29:05.0', '2020-05-28 20:29:05.0', 0, 0, 1, '남자친구랑 4시간동안 수다 떨고왔어요~ 사장님도 진짜 친절하심!', '대구 달성군 다사읍 달구벌대로 878', 0);
INSERT INTO coffeemukka.board
(board_no, board_no2, key_sort_no, user_no, zone_no, theme_no, cafe_no, writing_lock_condition, writing_title, registration_date, update_date, view_number, vote_number, board_del_cdt, writing_content, address, reply_cnt)
VALUES(671, 2, NULL, 214, 6, 6, NULL, NULL, '프리지아', '2020-05-28 20:29:40.0', '2020-05-28 20:29:40.0', 0, 0, 1, '달달한 초코라떼~', '대구 서구 서대구로7길 12', 0);
INSERT INTO coffeemukka.board
(board_no, board_no2, key_sort_no, user_no, zone_no, theme_no, cafe_no, writing_lock_condition, writing_title, registration_date, update_date, view_number, vote_number, board_del_cdt, writing_content, address, reply_cnt)
VALUES(672, 2, NULL, 211, 9, 2, NULL, NULL, '넘버더스타즈', '2020-05-28 20:31:01.0', '2020-05-28 20:31:01.0', 1, 0, 1, '공간도 넓고 좋습니다!', '대구 남구 현충로 54', 0);
INSERT INTO coffeemukka.board
(board_no, board_no2, key_sort_no, user_no, zone_no, theme_no, cafe_no, writing_lock_condition, writing_title, registration_date, update_date, view_number, vote_number, board_del_cdt, writing_content, address, reply_cnt)
VALUES(673, 2, NULL, 218, 9, 4, NULL, NULL, '넘버더스타즈', '2020-05-28 20:31:36.0', '2020-05-28 20:31:36.0', 0, 0, 1, '베이커리 카페라서 먹을것두 많구 좋아요!', '대구 남구 현충로 54', 0);
INSERT INTO coffeemukka.board
(board_no, board_no2, key_sort_no, user_no, zone_no, theme_no, cafe_no, writing_lock_condition, writing_title, registration_date, update_date, view_number, vote_number, board_del_cdt, writing_content, address, reply_cnt)
VALUES(674, 2, NULL, 218, 3, 4, NULL, NULL, '로지로키로드', '2020-05-28 20:32:46.0', '2020-05-28 20:32:46.0', 0, 0, 1, '복숭아 스무디가 대표메뉴!', '대구 남구 현충로 53', 0);
INSERT INTO coffeemukka.board
(board_no, board_no2, key_sort_no, user_no, zone_no, theme_no, cafe_no, writing_lock_condition, writing_title, registration_date, update_date, view_number, vote_number, board_del_cdt, writing_content, address, reply_cnt)
VALUES(675, 2, NULL, 216, 1, 1, NULL, NULL, '마주봄', '2020-05-28 20:34:52.0', '2020-05-28 20:34:52.0', 3000, 0, 1, '남자친구 부모님이랑 커피 마시고 왔어요~', '대구 중구 중앙대로 434-8', 0);
INSERT INTO coffeemukka.board
(board_no, board_no2, key_sort_no, user_no, zone_no, theme_no, cafe_no, writing_lock_condition, writing_title, registration_date, update_date, view_number, vote_number, board_del_cdt, writing_content, address, reply_cnt)
VALUES(676, 2, NULL, 215, 9, 3, NULL, NULL, '넘버더스타즈', '2020-05-28 20:35:42.0', '2020-05-28 20:35:42.0', 0, 0, 1, '시원하고 좋아요!', '대구 남구 현충로 54', 0);
INSERT INTO coffeemukka.board
(board_no, board_no2, key_sort_no, user_no, zone_no, theme_no, cafe_no, writing_lock_condition, writing_title, registration_date, update_date, view_number, vote_number, board_del_cdt, writing_content, address, reply_cnt)
VALUES(677, 2, NULL, 214, 9, 1, NULL, NULL, '넘버더스타즈', '2020-05-28 20:36:26.0', '2020-05-28 20:36:26.0', 2500, 0, 1, '디저트도 많고, 오래 앉아있다가 왔어요~', '대구 남구 현충로 54', 0);
INSERT INTO coffeemukka.board
(board_no, board_no2, key_sort_no, user_no, zone_no, theme_no, cafe_no, writing_lock_condition, writing_title, registration_date, update_date, view_number, vote_number, board_del_cdt, writing_content, address, reply_cnt)
VALUES(678, 2, NULL, 211, 7, 1, NULL, NULL, '미도다방', '2020-05-28 20:38:03.0', '2020-05-28 20:38:03.0', 2, 0, 1, '여기가 진짜 숨은 카페 아닐까요?', '대구 중구 진골목길 14', 0);
INSERT INTO coffeemukka.board
(board_no, board_no2, key_sort_no, user_no, zone_no, theme_no, cafe_no, writing_lock_condition, writing_title, registration_date, update_date, view_number, vote_number, board_del_cdt, writing_content, address, reply_cnt)
VALUES(679, 2, NULL, 209, 9, 1, NULL, NULL, '1990대명', '2020-05-28 21:04:14.0', '2020-05-28 21:04:14.0', 0, 0, 1, '완전 리틀 포레스트 그런 느낌~', '대구 남구 대경7길 12-4', 12);
INSERT INTO coffeemukka.board
(board_no, board_no2, key_sort_no, user_no, zone_no, theme_no, cafe_no, writing_lock_condition, writing_title, registration_date, update_date, view_number, vote_number, board_del_cdt, writing_content, address, reply_cnt)
VALUES(680, 2, NULL, 216, 5, 4, NULL, NULL, '슬로우라이프', '2020-05-28 21:05:43.0', '2020-05-28 21:05:43.0', 1, 0, 1, '망고가 너무 고와요~', '대구 수성구 동대구로77길 33-6', 0);
INSERT INTO coffeemukka.board
(board_no, board_no2, key_sort_no, user_no, zone_no, theme_no, cafe_no, writing_lock_condition, writing_title, registration_date, update_date, view_number, vote_number, board_del_cdt, writing_content, address, reply_cnt)
VALUES(681, 2, NULL, 214, 1, 4, NULL, NULL, '커피모렌', '2020-05-28 21:07:36.0', '2020-05-28 21:07:36.0', 0, 13, 1, '와플 먹을려고 친구와 함께 오게되었다 내부가 넓고 자리도 많아서 있기 편했다 !
 하겐다즈 딸기 와플은 맛있었는데 빵이 좀 눅눅했던 것 같아서 아쉬웠다 이야기하기 좋고 오랜시간 있어도 눈치 보이지 않는 카페였다 !
그리고 커피 종류가 많아 선택의 폭이 넓어서 좋았다 처음보는 메뉴를 도전할 수 있는데 내가 선택한 커피는 그냥 무난했었당 
하겐다즈 딸기 와플은 한번은 먹을 만 하다 ', '대구 중구 동성로2길 71', 0);
INSERT INTO coffeemukka.board
(board_no, board_no2, key_sort_no, user_no, zone_no, theme_no, cafe_no, writing_lock_condition, writing_title, registration_date, update_date, view_number, vote_number, board_del_cdt, writing_content, address, reply_cnt)
VALUES(682, 2, NULL, 211, 11, 2, NULL, NULL, '프라그란자', '2020-05-28 21:09:09.0', '2020-05-28 21:09:09.0', 1, 0, 1, '빵이 엄청 많아용 브런치카페이다 보니 여러종류의 빵도 많고 맛도 있어요ㅎㅎㅎ
 오징어먹물빵이 맛나네요 저는 분위기도 괜찮고 주차장도 있어서 편한것 같아요! 뷰도 괜찮음', '대구 동구 파계로 622', 0);
INSERT INTO coffeemukka.board
(board_no, board_no2, key_sort_no, user_no, zone_no, theme_no, cafe_no, writing_lock_condition, writing_title, registration_date, update_date, view_number, vote_number, board_del_cdt, writing_content, address, reply_cnt)
VALUES(683, 2, NULL, 1, 1, 4, NULL, NULL, '너에게간다', '2020-05-28 21:11:17.0', '2020-05-28 21:11:17.0', 1, 0, 1, '오레오크림치즈케익 존맛!! 싹싹 긁어 먹엇어요 ㅠㅠ 아메리카노 원두 타입도 선택할 수 있고, 
카페 내부도 희고 깔끔해요! 조금 숨어있어서 지도보고 찾아갔어요 ㅎㅎ', '대구 중구 중앙대로79길 11', 0);
INSERT INTO coffeemukka.board
(board_no, board_no2, key_sort_no, user_no, zone_no, theme_no, cafe_no, writing_lock_condition, writing_title, registration_date, update_date, view_number, vote_number, board_del_cdt, writing_content, address, reply_cnt)
VALUES(684, 2, NULL, 209, 7, 4, NULL, NULL, '바하의선율', '2020-05-28 21:13:19.0', '2020-05-28 21:13:19.0', 4000, 18, 1, '딸기케익은 커피명가랑 비슷한맛이에요!
촉촉한 시트에 층층이 딸기 가득~ 보이는 그대로의 맛ㅎㅎ
 근데 별생각 없이 시킨 말차 쇼콜라?였나? 저 말차 케익이 진짜 신의 한수였어요! 
꾸덕꾸덕한 텍스춰에 찌인한 말차의 맛♡♡ 꼭 드셔보세요.
 딸기 프라페는 요거트 아이스크림을 넣어줘서 상큼하고 맛있었어요~ 커피맛은 그냥 보통?ㅎㅎ 츄러스를 먹어보고 싶었는데
 아쉽게도 제가 간날은 추러스가 안된다고 하더라구요ㅠㅠ 
곧 날풀리면 옥상 테라스에 앉아서 김광석 거리를 내려다봐도 참 좋겠어요~ :) 친구들이랑 김광석 거리에서 사진찍고 놀다가 방문하면 딱인곳!', '대구 중구 동덕로8길 40-20', 3);

-- [Vote] -------------------------------------------------------------------------------------------------------------------------------------
-- 19
INSERT INTO coffeemukka.vote
(vote_no,board_no,user_no,vote_date)
VALUES(3651,654,1,'2020-05-28 21:13:19.0');
INSERT INTO coffeemukka.vote
(vote_no,board_no,user_no,vote_date)
VALUES(3652,654,2,'2020-05-28 21:13:19.0');
INSERT INTO coffeemukka.vote
(vote_no,board_no,user_no,vote_date)
VALUES(3653,654,3,'2020-05-28 21:13:19.0');
INSERT INTO coffeemukka.vote
(vote_no,board_no,user_no,vote_date)
VALUES(3654,654,4,'2020-05-28 21:13:19.0');
INSERT INTO coffeemukka.vote
(vote_no,board_no,user_no,vote_date)
VALUES(3655,654,5,'2020-05-28 21:13:19.0');
INSERT INTO coffeemukka.vote
(vote_no,board_no,user_no,vote_date)
VALUES(3656,654,6,'2020-05-28 21:13:19.0');
INSERT INTO coffeemukka.vote
(vote_no,board_no,user_no,vote_date)
VALUES(3657,654,7,'2020-05-28 21:13:19.0');
INSERT INTO coffeemukka.vote
(vote_no,board_no,user_no,vote_date)
VALUES(3658,654,8,'2020-05-28 21:13:19.0');
INSERT INTO coffeemukka.vote
(vote_no,board_no,user_no,vote_date)
VALUES(3659,654,9,'2020-05-28 21:13:19.0');
INSERT INTO coffeemukka.vote
(vote_no,board_no,user_no,vote_date)
VALUES(3660,654,10,'2020-05-28 21:13:19.0');
INSERT INTO coffeemukka.vote
(vote_no,board_no,user_no,vote_date)
VALUES(3661,654,11,'2020-05-28 21:13:19.0');
INSERT INTO coffeemukka.vote
(vote_no,board_no,user_no,vote_date)
VALUES(3662,654,12,'2020-05-28 21:13:19.0');
INSERT INTO coffeemukka.vote
(vote_no,board_no,user_no,vote_date)
VALUES(3663,654,13,'2020-05-28 21:13:19.0');
INSERT INTO coffeemukka.vote
(vote_no,board_no,user_no,vote_date)
VALUES(3664,654,14,'2020-05-28 21:13:19.0');
INSERT INTO coffeemukka.vote
(vote_no,board_no,user_no,vote_date)
VALUES(3665,654,15,'2020-05-28 21:13:19.0');
INSERT INTO coffeemukka.vote
(vote_no,board_no,user_no,vote_date)
VALUES(3666,654,16,'2020-05-28 21:13:19.0');
INSERT INTO coffeemukka.vote
(vote_no,board_no,user_no,vote_date)
VALUES(3667,654,17,'2020-05-28 21:13:19.0');
INSERT INTO coffeemukka.vote
(vote_no,board_no,user_no,vote_date)
VALUES(3668,654,18,'2020-05-28 21:13:19.0');
INSERT INTO coffeemukka.vote
(vote_no,board_no,user_no,vote_date)
VALUES(3669,654,19,'2020-05-28 21:13:19.0');

-- 18
INSERT INTO coffeemukka.vote
(vote_no,board_no,user_no,vote_date)
VALUES(3670,684,210,'2020-05-28 21:13:19.0');
INSERT INTO coffeemukka.vote
(vote_no,board_no,user_no,vote_date)
VALUES(3671,684,211,'2020-05-28 21:13:19.0');
INSERT INTO coffeemukka.vote
(vote_no,board_no,user_no,vote_date)
VALUES(3672,684,212,'2020-05-28 21:13:19.0');
INSERT INTO coffeemukka.vote
(vote_no,board_no,user_no,vote_date)
VALUES(3673,684,213,'2020-05-28 21:13:19.0');
INSERT INTO coffeemukka.vote
(vote_no,board_no,user_no,vote_date)
VALUES(3674,684,214,'2020-05-28 21:13:19.0');
INSERT INTO coffeemukka.vote
(vote_no,board_no,user_no,vote_date)
VALUES(3675,684,215,'2020-05-28 21:13:19.0');
INSERT INTO coffeemukka.vote
(vote_no,board_no,user_no,vote_date)
VALUES(3676,684,216,'2020-05-28 21:13:19.0');
INSERT INTO coffeemukka.vote
(vote_no,board_no,user_no,vote_date)
VALUES(3677,684,217,'2020-05-28 21:13:19.0');
INSERT INTO coffeemukka.vote
(vote_no,board_no,user_no,vote_date)
VALUES(3678,684,218,'2020-05-28 21:13:19.0');
INSERT INTO coffeemukka.vote
(vote_no,board_no,user_no,vote_date)
VALUES(3679,684,1,'2020-05-28 21:13:19.0');
INSERT INTO coffeemukka.vote
(vote_no,board_no,user_no,vote_date)
VALUES(3680,684,2,'2020-05-28 21:13:19.0');
INSERT INTO coffeemukka.vote
(vote_no,board_no,user_no,vote_date)
VALUES(3681,684,3,'2020-05-28 21:13:19.0');
INSERT INTO coffeemukka.vote
(vote_no,board_no,user_no,vote_date)
VALUES(3682,684,4,'2020-05-28 21:13:19.0');
INSERT INTO coffeemukka.vote
(vote_no,board_no,user_no,vote_date)
VALUES(3683,684,5,'2020-05-28 21:13:19.0');
INSERT INTO coffeemukka.vote
(vote_no,board_no,user_no,vote_date)
VALUES(3684,684,6,'2020-05-28 21:13:19.0');
INSERT INTO coffeemukka.vote
(vote_no,board_no,user_no,vote_date)
VALUES(3685,684,7,'2020-05-28 21:13:19.0');
INSERT INTO coffeemukka.vote
(vote_no,board_no,user_no,vote_date)
VALUES(3686,684,8,'2020-05-28 21:13:19.0');
INSERT INTO coffeemukka.vote
(vote_no,board_no,user_no,vote_date)
VALUES(3687,684,9,'2020-05-28 21:13:19.0');

-- 17
INSERT INTO coffeemukka.vote
(vote_no,board_no,user_no,vote_date)
VALUES(3688,649,11,'2020-05-28 21:13:19.0');
INSERT INTO coffeemukka.vote
(vote_no,board_no,user_no,vote_date)
VALUES(3689,649,12,'2020-05-28 21:13:19.0');
INSERT INTO coffeemukka.vote
(vote_no,board_no,user_no,vote_date)
VALUES(3690,649,13,'2020-05-28 21:13:19.0');
INSERT INTO coffeemukka.vote
(vote_no,board_no,user_no,vote_date)
VALUES(3691,649,14,'2020-05-28 21:13:19.0');
INSERT INTO coffeemukka.vote
(vote_no,board_no,user_no,vote_date)
VALUES(3692,649,15,'2020-05-28 21:13:19.0');
INSERT INTO coffeemukka.vote
(vote_no,board_no,user_no,vote_date)
VALUES(3693,649,16,'2020-05-28 21:13:19.0');
INSERT INTO coffeemukka.vote
(vote_no,board_no,user_no,vote_date)
VALUES(3694,649,17,'2020-05-28 21:13:19.0');
INSERT INTO coffeemukka.vote
(vote_no,board_no,user_no,vote_date)
VALUES(3695,649,18,'2020-05-28 21:13:19.0');
INSERT INTO coffeemukka.vote
(vote_no,board_no,user_no,vote_date)
VALUES(3696,649,19,'2020-05-28 21:13:19.0');
INSERT INTO coffeemukka.vote
(vote_no,board_no,user_no,vote_date)
VALUES(3697,649,20,'2020-05-28 21:13:19.0');
INSERT INTO coffeemukka.vote
(vote_no,board_no,user_no,vote_date)
VALUES(3698,649,21,'2020-05-28 21:13:19.0');
INSERT INTO coffeemukka.vote
(vote_no,board_no,user_no,vote_date)
VALUES(3699,649,22,'2020-05-28 21:13:19.0');
INSERT INTO coffeemukka.vote
(vote_no,board_no,user_no,vote_date)
VALUES(3700,649,23,'2020-05-28 21:13:19.0');
INSERT INTO coffeemukka.vote
(vote_no,board_no,user_no,vote_date)
VALUES(3701,649,24,'2020-05-28 21:13:19.0');
INSERT INTO coffeemukka.vote
(vote_no,board_no,user_no,vote_date)
VALUES(3702,649,25,'2020-05-28 21:13:19.0');
INSERT INTO coffeemukka.vote
(vote_no,board_no,user_no,vote_date)
VALUES(3703,649,26,'2020-05-28 21:13:19.0');
INSERT INTO coffeemukka.vote
(vote_no,board_no,user_no,vote_date)
VALUES(3704,649,27,'2020-05-28 21:13:19.0');

-- 16
INSERT INTO coffeemukka.vote
(vote_no,board_no,user_no,vote_date)
VALUES(3705,638,31,'2020-05-28 21:13:19.0');
INSERT INTO coffeemukka.vote
(vote_no,board_no,user_no,vote_date)
VALUES(3706,638,32,'2020-05-28 21:13:19.0');
INSERT INTO coffeemukka.vote
(vote_no,board_no,user_no,vote_date)
VALUES(3707,638,33,'2020-05-28 21:13:19.0');
INSERT INTO coffeemukka.vote
(vote_no,board_no,user_no,vote_date)
VALUES(3708,638,34,'2020-05-28 21:13:19.0');
INSERT INTO coffeemukka.vote
(vote_no,board_no,user_no,vote_date)
VALUES(3709,638,35,'2020-05-28 21:13:19.0');
INSERT INTO coffeemukka.vote
(vote_no,board_no,user_no,vote_date)
VALUES(3710,638,36,'2020-05-28 21:13:19.0');
INSERT INTO coffeemukka.vote
(vote_no,board_no,user_no,vote_date)
VALUES(3711,638,37,'2020-05-28 21:13:19.0');
INSERT INTO coffeemukka.vote
(vote_no,board_no,user_no,vote_date)
VALUES(3712,638,38,'2020-05-28 21:13:19.0');
INSERT INTO coffeemukka.vote
(vote_no,board_no,user_no,vote_date)
VALUES(3713,638,39,'2020-05-28 21:13:19.0');
INSERT INTO coffeemukka.vote
(vote_no,board_no,user_no,vote_date)
VALUES(3714,638,40,'2020-05-28 21:13:19.0');
INSERT INTO coffeemukka.vote
(vote_no,board_no,user_no,vote_date)
VALUES(3715,638,41,'2020-05-28 21:13:19.0');
INSERT INTO coffeemukka.vote
(vote_no,board_no,user_no,vote_date)
VALUES(3716,638,42,'2020-05-28 21:13:19.0');
INSERT INTO coffeemukka.vote
(vote_no,board_no,user_no,vote_date)
VALUES(3717,638,43,'2020-05-28 21:13:19.0');
INSERT INTO coffeemukka.vote
(vote_no,board_no,user_no,vote_date)
VALUES(3718,638,44,'2020-05-28 21:13:19.0');
INSERT INTO coffeemukka.vote
(vote_no,board_no,user_no,vote_date)
VALUES(3719,638,45,'2020-05-28 21:13:19.0');
INSERT INTO coffeemukka.vote
(vote_no,board_no,user_no,vote_date)
VALUES(3720,638,46,'2020-05-28 21:13:19.0');


-- 15
INSERT INTO coffeemukka.vote
(vote_no,board_no,user_no,vote_date)
VALUES(3721,635,51,'2020-05-28 21:13:19.0');
INSERT INTO coffeemukka.vote
(vote_no,board_no,user_no,vote_date)
VALUES(3722,635,52,'2020-05-28 21:13:19.0');
INSERT INTO coffeemukka.vote
(vote_no,board_no,user_no,vote_date)
VALUES(3723,635,53,'2020-05-28 21:13:19.0');
INSERT INTO coffeemukka.vote
(vote_no,board_no,user_no,vote_date)
VALUES(3724,635,54,'2020-05-28 21:13:19.0');
INSERT INTO coffeemukka.vote
(vote_no,board_no,user_no,vote_date)
VALUES(3725,635,55,'2020-05-28 21:13:19.0');
INSERT INTO coffeemukka.vote
(vote_no,board_no,user_no,vote_date)
VALUES(3726,635,56,'2020-05-28 21:13:19.0');
INSERT INTO coffeemukka.vote
(vote_no,board_no,user_no,vote_date)
VALUES(3727,635,57,'2020-05-28 21:13:19.0');
INSERT INTO coffeemukka.vote
(vote_no,board_no,user_no,vote_date)
VALUES(3728,635,58,'2020-05-28 21:13:19.0');
INSERT INTO coffeemukka.vote
(vote_no,board_no,user_no,vote_date)
VALUES(3729,635,59,'2020-05-28 21:13:19.0');
INSERT INTO coffeemukka.vote
(vote_no,board_no,user_no,vote_date)
VALUES(3730,635,60,'2020-05-28 21:13:19.0');
INSERT INTO coffeemukka.vote
(vote_no,board_no,user_no,vote_date)
VALUES(3731,635,61,'2020-05-28 21:13:19.0');
INSERT INTO coffeemukka.vote
(vote_no,board_no,user_no,vote_date)
VALUES(3732,635,62,'2020-05-28 21:13:19.0');
INSERT INTO coffeemukka.vote
(vote_no,board_no,user_no,vote_date)
VALUES(3733,635,63,'2020-05-28 21:13:19.0');
INSERT INTO coffeemukka.vote
(vote_no,board_no,user_no,vote_date)
VALUES(3734,635,64,'2020-05-28 21:13:19.0');
INSERT INTO coffeemukka.vote
(vote_no,board_no,user_no,vote_date)
VALUES(3735,635,65,'2020-05-28 21:13:19.0');

-- 14
INSERT INTO coffeemukka.vote
(vote_no,board_no,user_no,vote_date)
VALUES(3736,643,1,'2020-05-28 21:13:19.0');
INSERT INTO coffeemukka.vote
(vote_no,board_no,user_no,vote_date)
VALUES(3737,643,2,'2020-05-28 21:13:19.0');
INSERT INTO coffeemukka.vote
(vote_no,board_no,user_no,vote_date)
VALUES(3738,643,3,'2020-05-28 21:13:19.0');
INSERT INTO coffeemukka.vote
(vote_no,board_no,user_no,vote_date)
VALUES(3739,643,4,'2020-05-28 21:13:19.0');
INSERT INTO coffeemukka.vote
(vote_no,board_no,user_no,vote_date)
VALUES(3740,643,5,'2020-05-28 21:13:19.0');
INSERT INTO coffeemukka.vote
(vote_no,board_no,user_no,vote_date)
VALUES(3741,643,6,'2020-05-28 21:13:19.0');
INSERT INTO coffeemukka.vote
(vote_no,board_no,user_no,vote_date)
VALUES(3742,643,7,'2020-05-28 21:13:19.0');
INSERT INTO coffeemukka.vote
(vote_no,board_no,user_no,vote_date)
VALUES(3743,643,8,'2020-05-28 21:13:19.0');
INSERT INTO coffeemukka.vote
(vote_no,board_no,user_no,vote_date)
VALUES(3744,643,9,'2020-05-28 21:13:19.0');
INSERT INTO coffeemukka.vote
(vote_no,board_no,user_no,vote_date)
VALUES(3745,643,10,'2020-05-28 21:13:19.0');
INSERT INTO coffeemukka.vote
(vote_no,board_no,user_no,vote_date)
VALUES(3746,643,11,'2020-05-28 21:13:19.0');
INSERT INTO coffeemukka.vote
(vote_no,board_no,user_no,vote_date)
VALUES(3747,643,12,'2020-05-28 21:13:19.0');
INSERT INTO coffeemukka.vote
(vote_no,board_no,user_no,vote_date)
VALUES(3748,643,13,'2020-05-28 21:13:19.0');
INSERT INTO coffeemukka.vote
(vote_no,board_no,user_no,vote_date)
VALUES(3749,643,14,'2020-05-28 21:13:19.0');

-- 13
INSERT INTO coffeemukka.vote
(vote_no,board_no,user_no,vote_date)
VALUES(3750,681,81,'2020-05-28 21:13:19.0');
INSERT INTO coffeemukka.vote
(vote_no,board_no,user_no,vote_date)
VALUES(3751,681,82,'2020-05-28 21:13:19.0');
INSERT INTO coffeemukka.vote
(vote_no,board_no,user_no,vote_date)
VALUES(3752,681,83,'2020-05-28 21:13:19.0');
INSERT INTO coffeemukka.vote
(vote_no,board_no,user_no,vote_date)
VALUES(3753,681,84,'2020-05-28 21:13:19.0');
INSERT INTO coffeemukka.vote
(vote_no,board_no,user_no,vote_date)
VALUES(3754,681,85,'2020-05-28 21:13:19.0');
INSERT INTO coffeemukka.vote
(vote_no,board_no,user_no,vote_date)
VALUES(3755,681,86,'2020-05-28 21:13:19.0');
INSERT INTO coffeemukka.vote
(vote_no,board_no,user_no,vote_date)
VALUES(3756,681,87,'2020-05-28 21:13:19.0');
INSERT INTO coffeemukka.vote
(vote_no,board_no,user_no,vote_date)
VALUES(3757,681,88,'2020-05-28 21:13:19.0');
INSERT INTO coffeemukka.vote
(vote_no,board_no,user_no,vote_date)
VALUES(3758,681,89,'2020-05-28 21:13:19.0');
INSERT INTO coffeemukka.vote
(vote_no,board_no,user_no,vote_date)
VALUES(3759,681,90,'2020-05-28 21:13:19.0');
INSERT INTO coffeemukka.vote
(vote_no,board_no,user_no,vote_date)
VALUES(3760,681,91,'2020-05-28 21:13:19.0');
INSERT INTO coffeemukka.vote
(vote_no,board_no,user_no,vote_date)
VALUES(3761,681,92,'2020-05-28 21:13:19.0');
INSERT INTO coffeemukka.vote
(vote_no,board_no,user_no,vote_date)
VALUES(3762,681,93,'2020-05-28 21:13:19.0');

-- 12
INSERT INTO coffeemukka.vote
(vote_no,board_no,user_no,vote_date)
VALUES(3763,665,51,'2020-05-28 21:13:19.0');
INSERT INTO coffeemukka.vote
(vote_no,board_no,user_no,vote_date)
VALUES(3764,665,52,'2020-05-28 21:13:19.0');
INSERT INTO coffeemukka.vote
(vote_no,board_no,user_no,vote_date)
VALUES(3765,665,53,'2020-05-28 21:13:19.0');
INSERT INTO coffeemukka.vote
(vote_no,board_no,user_no,vote_date)
VALUES(3766,665,54,'2020-05-28 21:13:19.0');
INSERT INTO coffeemukka.vote
(vote_no,board_no,user_no,vote_date)
VALUES(3767,665,1,'2020-05-28 21:13:19.0');
INSERT INTO coffeemukka.vote
(vote_no,board_no,user_no,vote_date)
VALUES(3768,665,2,'2020-05-28 21:13:19.0');
INSERT INTO coffeemukka.vote
(vote_no,board_no,user_no,vote_date)
VALUES(3769,665,3,'2020-05-28 21:13:19.0');
INSERT INTO coffeemukka.vote
(vote_no,board_no,user_no,vote_date)
VALUES(3770,665,4,'2020-05-28 21:13:19.0');
INSERT INTO coffeemukka.vote
(vote_no,board_no,user_no,vote_date)
VALUES(3771,665,5,'2020-05-28 21:13:19.0');
INSERT INTO coffeemukka.vote
(vote_no,board_no,user_no,vote_date)
VALUES(3772,665,11,'2020-05-28 21:13:19.0');
INSERT INTO coffeemukka.vote
(vote_no,board_no,user_no,vote_date)
VALUES(3773,665,22,'2020-05-28 21:13:19.0');
INSERT INTO coffeemukka.vote
(vote_no,board_no,user_no,vote_date)
VALUES(3774,665,33,'2020-05-28 21:13:19.0');

-- 11
INSERT INTO coffeemukka.vote
(vote_no,board_no,user_no,vote_date)
VALUES(3775,656,44,'2020-05-28 21:13:19.0');
INSERT INTO coffeemukka.vote
(vote_no,board_no,user_no,vote_date)
VALUES(3776,656,55,'2020-05-28 21:13:19.0');
INSERT INTO coffeemukka.vote
(vote_no,board_no,user_no,vote_date)
VALUES(3777,656,66,'2020-05-28 21:13:19.0');
INSERT INTO coffeemukka.vote
(vote_no,board_no,user_no,vote_date)
VALUES(3778,656,77,'2020-05-28 21:13:19.0');
INSERT INTO coffeemukka.vote
(vote_no,board_no,user_no,vote_date)
VALUES(3779,656,88,'2020-05-28 21:13:19.0');
INSERT INTO coffeemukka.vote
(vote_no,board_no,user_no,vote_date)
VALUES(3780,656,99,'2020-05-28 21:13:19.0');
INSERT INTO coffeemukka.vote
(vote_no,board_no,user_no,vote_date)
VALUES(3781,656,100,'2020-05-28 21:13:19.0');
INSERT INTO coffeemukka.vote
(vote_no,board_no,user_no,vote_date)
VALUES(3782,656,111,'2020-05-28 21:13:19.0');
INSERT INTO coffeemukka.vote
(vote_no,board_no,user_no,vote_date)
VALUES(3783,656,212,'2020-05-28 21:13:19.0');
INSERT INTO coffeemukka.vote
(vote_no,board_no,user_no,vote_date)
VALUES(3784,656,213,'2020-05-28 21:13:19.0');
INSERT INTO coffeemukka.vote
(vote_no,board_no,user_no,vote_date)
VALUES(3785,656,214,'2020-05-28 21:13:19.0');

-- 10
INSERT INTO coffeemukka.vote
(vote_no,board_no,user_no,vote_date)
VALUES(3786,667,22,'2020-05-28 21:13:19.0');
INSERT INTO coffeemukka.vote
(vote_no,board_no,user_no,vote_date)
VALUES(3787,667,33,'2020-05-28 21:13:19.0');
INSERT INTO coffeemukka.vote
(vote_no,board_no,user_no,vote_date)
VALUES(3788,667,44,'2020-05-28 21:13:19.0');
INSERT INTO coffeemukka.vote
(vote_no,board_no,user_no,vote_date)
VALUES(3789,667,1,'2020-05-28 21:13:19.0');
INSERT INTO coffeemukka.vote
(vote_no,board_no,user_no,vote_date)
VALUES(3790,667,2,'2020-05-28 21:13:19.0');
INSERT INTO coffeemukka.vote
(vote_no,board_no,user_no,vote_date)
VALUES(3791,667,3,'2020-05-28 21:13:19.0');
INSERT INTO coffeemukka.vote
(vote_no,board_no,user_no,vote_date)
VALUES(3792,667,4,'2020-05-28 21:13:19.0');
INSERT INTO coffeemukka.vote
(vote_no,board_no,user_no,vote_date)
VALUES(3793,667,5,'2020-05-28 21:13:19.0');
INSERT INTO coffeemukka.vote
(vote_no,board_no,user_no,vote_date)
VALUES(3794,667,6,'2020-05-28 21:13:19.0');
INSERT INTO coffeemukka.vote
(vote_no,board_no,user_no,vote_date)
VALUES(3795,667,7,'2020-05-28 21:13:19.0');

-- [Reply] -------------------------------------------------------------------------------------------------------------------------------------
INSERT INTO coffeemukka.reply
(comment_no, board_no, user_no, comment_content, registration_date, update_date)
VALUES(1266, 679, 209, '정말 맛있어보여요', '2020-05-28 20:54:02.0', '2020-05-28 20:54:02.0');
INSERT INTO coffeemukka.reply
(comment_no, board_no, user_no, comment_content, registration_date, update_date)
VALUES(1267, 679, 211, '저두 너무 가보고 싶네요~', '2020-05-28 20:54:10.0', '2020-05-28 20:54:10.0');
INSERT INTO coffeemukka.reply
(comment_no, board_no, user_no, comment_content, registration_date, update_date)
VALUES(1268, 679, 212, '우와 진짜 맛있겠다!!!', '2020-05-28 20:54:17.0', '2020-05-28 20:54:17.0');
INSERT INTO coffeemukka.reply
(comment_no, board_no, user_no, comment_content, registration_date, update_date)
VALUES(1269, 679, 213, '여기 정말 궁금해요!!!!', '2020-05-28 20:54:26.0', '2020-05-28 20:54:26.0');
INSERT INTO coffeemukka.reply
(comment_no, board_no, user_no, comment_content, registration_date, update_date)
VALUES(1270, 679, 214, '정말 가보고 싶어요!', '2020-05-28 20:54:34.0', '2020-05-28 20:54:34.0');
INSERT INTO coffeemukka.reply
(comment_no, board_no, user_no, comment_content, registration_date, update_date)
VALUES(1271, 679, 215, '너무너무 궁금한곳!', '2020-05-28 20:54:43.0', '2020-05-28 20:54:43.0');
INSERT INTO coffeemukka.reply
(comment_no, board_no, user_no, comment_content, registration_date, update_date)
VALUES(1272, 679, 216, '정말 가고싶다아~', '2020-05-28 20:54:50.0', '2020-05-28 20:54:50.0');
INSERT INTO coffeemukka.reply
(comment_no, board_no, user_no, comment_content, registration_date, update_date)
VALUES(1273, 679, 217, '어땠어요???!!!!', '2020-05-28 20:55:01.0', '2020-05-28 20:55:01.0');
INSERT INTO coffeemukka.reply
(comment_no, board_no, user_no, comment_content, registration_date, update_date)
VALUES(1274, 679, 218, '맛있겠당!!!', '2020-05-28 20:55:07.0', '2020-05-28 20:55:07.0');
INSERT INTO coffeemukka.reply
(comment_no, board_no, user_no, comment_content, registration_date, update_date)
VALUES(1275, 679, 209, '나두 가볼래요', '2020-05-28 20:55:12.0', '2020-05-28 20:55:12.0');
INSERT INTO coffeemukka.reply
(comment_no, board_no, user_no, comment_content, registration_date, update_date)
VALUES(1276, 679, 209, '진짜 부럽다아....', '2020-05-28 20:55:18.0', '2020-05-28 20:55:18.0');
INSERT INTO coffeemukka.reply
(comment_no, board_no, user_no, comment_content, registration_date, update_date)
VALUES(1277, 679, 208, '맛있겠다아', '2020-05-28 20:55:25.0', '2020-05-28 20:55:25.0');
INSERT INTO coffeemukka.reply
(comment_no, board_no, user_no, comment_content, registration_date, update_date)
VALUES(1278, 649, 207, '우왕 사진 예뻐요', '2020-05-28 20:55:44.0', '2020-05-28 20:55:44.0');
INSERT INTO coffeemukka.reply
(comment_no, board_no, user_no, comment_content, registration_date, update_date)
VALUES(1279, 649, 206, '저두 가보고 싶어요
', '2020-05-28 20:55:54.0', '2020-05-28 20:55:54.0');
INSERT INTO coffeemukka.reply
(comment_no, board_no, user_no, comment_content, registration_date, update_date)
VALUES(1280, 649, 209, '우와 여긴 어떤곳인가요', '2020-05-28 20:56:02.0', '2020-05-28 20:56:02.0');
INSERT INTO coffeemukka.reply
(comment_no, board_no, user_no, comment_content, registration_date, update_date)
VALUES(1281, 649, 214, '저두 여기 사는데... 한번도 못가봤네요', '2020-05-28 20:56:10.0', '2020-05-28 20:56:10.0');
INSERT INTO coffeemukka.reply
(comment_no, board_no, user_no, comment_content, registration_date, update_date)
VALUES(1282, 649, 211, '나도 가고싶다아..', '2020-05-28 20:56:17.0', '2020-05-28 20:56:17.0');
INSERT INTO coffeemukka.reply
(comment_no, board_no, user_no, comment_content, registration_date, update_date)
VALUES(1283, 649, 213, '저두 가고싶어요!', '2020-05-28 20:56:23.0', '2020-05-28 20:56:23.0');
INSERT INTO coffeemukka.reply
(comment_no, board_no, user_no, comment_content, registration_date, update_date)
VALUES(1284, 649, 212, '와 진짜 많은분들하고 다녀오셨나봐요', '2020-05-28 20:56:35.0', '2020-05-28 20:56:35.0');
INSERT INTO coffeemukka.reply
(comment_no, board_no, user_no, comment_content, registration_date, update_date)
VALUES(1285, 649, 215, '크... 여기 한옥카페 아닌가요?', '2020-05-28 20:56:47.0', '2020-05-28 20:56:47.0');
INSERT INTO coffeemukka.reply
(comment_no, board_no, user_no, comment_content, registration_date, update_date)
VALUES(1286, 649, 216, '가보고싶넹', '2020-05-28 20:56:54.0', '2020-05-28 20:56:54.0');
INSERT INTO coffeemukka.reply
(comment_no, board_no, user_no, comment_content, registration_date, update_date)
VALUES(1287, 654, 217, '완전편해보여요', '2020-05-28 20:57:05.0', '2020-05-28 20:57:05.0');
INSERT INTO coffeemukka.reply
(comment_no, board_no, user_no, comment_content, registration_date, update_date)
VALUES(1288, 654, 218, '꿀잠자시는게 확 느껴지네요', '2020-05-28 20:57:14.0', '2020-05-28 20:57:14.0');
INSERT INTO coffeemukka.reply
(comment_no, board_no, user_no, comment_content, registration_date, update_date)
VALUES(1289, 654, 209, '정말 편해보입니다', '2020-05-28 20:57:20.0', '2020-05-28 20:57:20.0');
INSERT INTO coffeemukka.reply
(comment_no, board_no, user_no, comment_content, registration_date, update_date)
VALUES(1290, 654, 200, '저 여기 가봤는데!!!', '2020-05-28 20:57:27.0', '2020-05-28 20:57:27.0');
INSERT INTO coffeemukka.reply
(comment_no, board_no, user_no, comment_content, registration_date, update_date)
VALUES(1291, 654, 201, '행복해 보이십니다!', '2020-05-28 20:57:35.0', '2020-05-28 20:57:35.0');
INSERT INTO coffeemukka.reply
(comment_no, board_no, user_no, comment_content, registration_date, update_date)
VALUES(1292, 654, 202, '우와~', '2020-05-28 20:57:39.0', '2020-05-28 20:57:39.0');
INSERT INTO coffeemukka.reply
(comment_no, board_no, user_no, comment_content, registration_date, update_date)
VALUES(1293, 654, 209, 'ㅋㅋㅋㅋㅋㅋㅋㅋㅋㅋㅋㅋㅋㅋㅋㅋㅋㅋㅋㅋㅋㅋㅋㅋㅋㅋㅋㅋㅋㅋㅋㅋㅋㅋㅋㅋㅋㅋㅋㅋㅋㅋㅋㅋㅋㅋㅋㅋㅋㅋㅋㅋㅋㅋㅋㅋㅋㅋㅋㅋㅋㅋㅋㅋㅋㅋㅋㅋㅋㅋㅋㅋㅋㅋㅋㅋㅋㅋㅋㅋ', '2020-05-28 20:57:45.0', '2020-05-28 20:57:45.0');
INSERT INTO coffeemukka.reply
(comment_no, board_no, user_no, comment_content, registration_date, update_date)
VALUES(1294, 655, 216, '너무 웃겨요', '2020-05-28 20:57:52.0', '2020-05-28 20:57:52.0');
INSERT INTO coffeemukka.reply
(comment_no, board_no, user_no, comment_content, registration_date, update_date)
VALUES(1295, 649, 215, '우왕 여기 예뻐요!', '2020-05-28 20:58:07.0', '2020-05-28 20:58:07.0');
INSERT INTO coffeemukka.reply
(comment_no, board_no, user_no, comment_content, registration_date, update_date)
VALUES(1296, 649, 199, '여기 궁금하다아', '2020-05-28 20:58:13.0', '2020-05-28 20:58:13.0');
INSERT INTO coffeemukka.reply
(comment_no, board_no, user_no, comment_content, registration_date, update_date)
VALUES(1297, 649, 212, '우왕~', '2020-05-28 20:58:19.0', '2020-05-28 20:58:19.0');
INSERT INTO coffeemukka.reply
(comment_no, board_no, user_no, comment_content, registration_date, update_date)
VALUES(1298, 649, 1, '완죤 인스타감성카페 아닌가요?', '2020-05-28 20:58:26.0', '2020-05-28 20:58:26.0');
INSERT INTO coffeemukka.reply
(comment_no, board_no, user_no, comment_content, registration_date, update_date)
VALUES(1299, 649, 210, '가보고싶어라', '2020-05-28 20:58:32.0', '2020-05-28 20:58:32.0');
INSERT INTO coffeemukka.reply
(comment_no, board_no, user_no, comment_content, registration_date, update_date)
VALUES(1300, 649, 1, '여긴 어떤곳인ㅅ가요?', '2020-05-28 20:58:41.0', '2020-05-28 20:58:41.0');
INSERT INTO coffeemukka.reply
(comment_no, board_no, user_no, comment_content, registration_date, update_date)
VALUES(1301, 649, 200, '우왕ㅋㅋㅋ', '2020-05-28 20:58:56.0', '2020-05-28 20:58:56.0');
INSERT INTO coffeemukka.reply
(comment_no, board_no, user_no, comment_content, registration_date, update_date)
VALUES(1302, 657, 209, '여기 학원근처인데 정말 괜찮음!', '2020-05-28 20:59:10.0', '2020-05-28 20:59:10.0');
INSERT INTO coffeemukka.reply
(comment_no, board_no, user_no, comment_content, registration_date, update_date)
VALUES(1303, 657, 212, '마들렌 우와~', '2020-05-28 20:59:15.0', '2020-05-28 20:59:15.0');
INSERT INTO coffeemukka.reply
(comment_no, board_no, user_no, comment_content, registration_date, update_date)
VALUES(1304, 657, 213, '저두 가보고프네요', '2020-05-28 20:59:22.0', '2020-05-28 20:59:22.0');
INSERT INTO coffeemukka.reply
(comment_no, board_no, user_no, comment_content, registration_date, update_date)
VALUES(1305, 657, 214, '맛있겠당!', '2020-05-28 20:59:28.0', '2020-05-28 20:59:28.0');
INSERT INTO coffeemukka.reply
(comment_no, board_no, user_no, comment_content, registration_date, update_date)
VALUES(1306, 657, 217, '저두 여기 완전 추천해요~', '2020-05-28 20:59:35.0', '2020-05-28 20:59:35.0');
INSERT INTO coffeemukka.reply
(comment_no, board_no, user_no, comment_content, registration_date, update_date)
VALUES(1307, 657, 218, '우와~~~', '2020-05-28 20:59:39.0', '2020-05-28 20:59:39.0');
INSERT INTO coffeemukka.reply
(comment_no, board_no, user_no, comment_content, registration_date, update_date)
VALUES(1308, 661, 211, '촉촉해보인다', '2020-05-28 21:00:08.0', '2020-05-28 21:00:08.0');
INSERT INTO coffeemukka.reply
(comment_no, board_no, user_no, comment_content, registration_date, update_date)
VALUES(1309, 661, 1, '귀여워서 먹기 아깝', '2020-05-28 21:00:15.0', '2020-05-28 21:00:15.0');
INSERT INTO coffeemukka.reply
(comment_no, board_no, user_no, comment_content, registration_date, update_date)
VALUES(1310, 661, 212, '나도 갈래요~', '2020-05-28 21:00:21.0', '2020-05-28 21:00:21.0');
INSERT INTO coffeemukka.reply
(comment_no, board_no, user_no, comment_content, registration_date, update_date)
VALUES(1311, 661, 212, '아 너무 귀여버', '2020-05-28 21:00:26.0', '2020-05-28 21:00:26.0');
INSERT INTO coffeemukka.reply
(comment_no, board_no, user_no, comment_content, registration_date, update_date)
VALUES(1312, 661, 209, '가고싶당', '2020-05-28 21:00:39.0', '2020-05-28 21:00:39.0');
INSERT INTO coffeemukka.reply
(comment_no, board_no, user_no, comment_content, registration_date, update_date)
VALUES(1313, 635, 210, '진짜 요즘 갬성 스타일 아닙니까?', '2020-05-28 21:01:03.0', '2020-05-28 21:01:03.0');
INSERT INTO coffeemukka.reply
(comment_no, board_no, user_no, comment_content, registration_date, update_date)
VALUES(1314, 635, 210, '좋아요 좋아~', '2020-05-28 21:01:09.0', '2020-05-28 21:01:09.0');
INSERT INTO coffeemukka.reply
(comment_no, board_no, user_no, comment_content, registration_date, update_date)
VALUES(1315, 635, 211, '구ㅠㅅ굿', '2020-05-28 21:01:14.0', '2020-05-28 21:01:14.0');
INSERT INTO coffeemukka.reply
(comment_no, board_no, user_no, comment_content, registration_date, update_date)
VALUES(1316, 642, 212, '헐~ 여기는', '2020-05-28 21:01:30.0', '2020-05-28 21:01:30.0');
INSERT INTO coffeemukka.reply
(comment_no, board_no, user_no, comment_content, registration_date, update_date)
VALUES(1317, 642, 213, '저희집주변에 이런곳이!', '2020-05-28 21:01:38.0', '2020-05-28 21:01:38.0');
INSERT INTO coffeemukka.reply
(comment_no, board_no, user_no, comment_content, registration_date, update_date)
VALUES(1318, 650, 214, '여기서 결혼했오요~', '2020-05-28 21:01:59.0', '2020-05-28 21:01:59.0');
INSERT INTO coffeemukka.reply
(comment_no, board_no, user_no, comment_content, registration_date, update_date)
VALUES(1319, 684, 215, '진짜 여기 너무 궁금!', '2020-05-28 21:13:35.0', '2020-05-28 21:13:35.0');
INSERT INTO coffeemukka.reply
(comment_no, board_no, user_no, comment_content, registration_date, update_date)
VALUES(1320, 684, 216, '가보고 싶어요!!!', '2020-05-28 21:13:41.0', '2020-05-28 21:13:41.0');
INSERT INTO coffeemukka.reply
(comment_no, board_no, user_no, comment_content, registration_date, update_date)
VALUES(1321, 684, 217, '우왕 최고쵝ㅎ!!', '2020-05-28 21:13:49.0', '2020-05-28 21:13:49.0');


